{"class_log_prior_": [-0.9330978501905358, -0.4997757875794058], "neg_prob_": [[-0.016529301951210582, -0.016529301951210582, -0.016529301951210582, -1.62596721438531, -0.016529301951210582, -0.016529301951210582, -0.016529301951210582, -0.016529301951210582, -4.11087386417329, -0.016529301951210582, -0.016529301951210582, -1.62596721438531, -0.016529301951210582, -0.016529301951210582, -0.016529301951210582, -2.3191143949452573, -1.8082887711792652, -2.3191143949452573], [-4.532599493153236, -2.1347042203548843, -2.1347042203548843, -1.274502955131772, -1.5368672195992632, -1.2003949829780503, -0.8437200390393192, -0.89501333342687, -0.6824518914431972, -0.5813557745718285, -0.45506204924753635, -0.5436154465889813, -0.42172562897994453, -0.29849298855599654, -0.29849298855599654, -0.13815033848081718, -0.010810916104215617, -0.010810916104215617]], "delta_probs_": [[-4.0943445622221, 4.52178857704902], [-4.0943445622221, 2.0088239744658813], [-4.0943445622221, 2.0088239744658813], [1.406913648322625, 0.9465960813694814], [-4.0943445622221, 1.2947271675943979], [-4.0943445622221, 0.8421827597204308], [-4.0943445622221, 0.28141245943818494], [-4.0943445622221, 0.36974702550608485], [4.094344562222079, -0.021506205220964025], [-4.0943445622221, -0.2376716518771198], [-4.0943445622221, -0.5511769192895584], [1.406913648322625, -0.32542240043462867], [-4.0943445622221, -0.6451379613735853], [-4.0943445622221, -1.056052674249314], [-4.0943445622221, -1.056052674249314], [2.215573716004417, -1.9095425048844388], [1.6292405397302796, -4.5217885770490405], [2.215573716004417, -4.5217885770490405]], "classes": [0, 1]}